{
	"class_name" : "ViewTrajectory",
	"interval" : 29,
	"is_loop" : false,
	"trajectory" : 
	[
		{
			"boundingbox_max" : [ 1.7106913328170776, 0.23861576616764069, 4.449000358581543 ],
			"boundingbox_min" : [ -2.9940474033355713, -1.8118542432785034, 0.48600003123283386 ],
			"field_of_view" : 60.0,
			"front" : [ 0.13138991517565526, 0.37645815100809388, -0.91706921806900776 ],
			"lookat" : [ -0.41454182251632432, -0.74846934988700109, 2.5157029296669209 ],
			"up" : [ 0.025546908402424736, -0.92606761826498429, -0.3764918616279731 ],
			"zoom" : 0.37999999999999967
		}
	],
	"version_major" : 1,
	"version_minor" : 0
}