{
	"class_name" : "PinholeCameraParameters",
	"extrinsic" : 
	[
		-0.023270121819240742,
		0.13572187829347698,
		0.99047366102436496,
		0.0,
		-0.99133074478763505,
		-0.13128310992070844,
		-0.0053008950508480757,
		0.0,
		0.12931301508089049,
		-0.98201034454940339,
		0.13760024465331253,
		0.0,
		-0.4527227594151127,
		-0.27854520314643522,
		0.38818638736149041,
		1.0
	],
	"intrinsic" : 
	{
		"height" : 720,
		"intrinsic_matrix" : 
		[
			623.53829072479584,
			0.0,
			0.0,
			0.0,
			623.53829072479584,
			0.0,
			639.5,
			359.5,
			1.0
		],
		"width" : 1280
	},
	"version_major" : 1,
	"version_minor" : 0
}