{
	"class_name" : "ViewTrajectory",
	"interval" : 29,
	"is_loop" : false,
	"trajectory" : 
	[
		{
			"boundingbox_max" : [ 1.7455894947052002, 0.22820055484771729, 4.504000186920166 ],
			"boundingbox_min" : [ -2.9386279582977295, -1.8342529535293579, 0.54600000381469727 ],
			"field_of_view" : 60.0,
			"front" : [ 0.014839371860051669, 0.38389557435654953, -0.92325726698047395 ],
			"lookat" : [ -0.30690958816078184, -1.0919699054014078, 2.653967750598559 ],
			"up" : [ -0.078439667039420083, -0.92006636317111679, -0.38382952725893771 ],
			"zoom" : 0.41999999999999971
		}
	],
	"version_major" : 1,
	"version_minor" : 0
}