{
	"class_name" : "ViewTrajectory",
	"interval" : 29,
	"is_loop" : false,
	"trajectory" : 
	[
		{
			"boundingbox_max" : [ 0.84545135498046875, 0.31729269027709961, 1.651404857635498 ],
			"boundingbox_min" : [ -0.7103583812713623, -0.81861782073974609, 0.095595173537731171 ],
			"field_of_view" : 60.0,
			"front" : [ 0.3409525920156346, 0.44797463780311148, -0.82648052238573133 ],
			"lookat" : [ 0.10425938504506681, 0.21678467178278676, -0.46648010865474748 ],
			"up" : [ 0.12808612447898482, -0.89309771793169634, -0.43124286769887826 ],
			"zoom" : 0.11999999999999984
		}
	],
	"version_major" : 1,
	"version_minor" : 0
}